year,month,iprod,iprod_construction,cpi,cpi_energy,neer,eurostox,spr_nfc_bund_ea,spr_bk_bund_ea,ice,unemp,eur_usd,r1y_us,r1y_eu,rstar,gdp,def,jk_gdp,jk_def,mp_poor,cbi_poor,mp,cbi,s,i_tot
1999,1,455.071400019203,449.312068217947,430.514559033792,434.055338646731,462.67897890346,816.17635860072,1.150094,0.6690039,7.95,10.2,12.848116164854,4.51,2.883,4.0150323811811,1457.94238787315,433.884241771672,1451.3571,439.80109,0.158857980816915,-3.41794011736627,2.42499032355176,-5.68407246010111,-1.44356899454738,-0.250000000000039
1999,2,452.936847257181,448.18719696436,430.541553230204,434.120464015363,460.452297659327,814.638179703894,0.9153129,0.6334451,7.5,10.1,9.48555310126788,4.7,3.016,4.0463202169426,1456.22063480791,433.986667918978,1451.3345,439.79062,-0.172847510357345,-0,-0.638650388504588,0.465802878147242,0.174157405728259,0
1999,3,454.223038621422,448.413185761104,430.743777768281,434.263590706896,458.655601220119,816.740689474271,0.9739188,0.706242,7.07,10.1,7.7701507663852,4.78,2.871,3.99716215224134,1458.27050202447,434.083857403851,1452.228,439.85208,-0.401242227742168,-0,-0.683952996944273,0.282710769202105,0.143328364777773,0.999999999999979
1999,4,454.435804659133,448.975933447676,431.106754573339,434.328580635745,457.39158170855,820.843605846841,1.006107,0.7577843,6.83,10,5.48669014408401,4.69,2.616,3.98052091665862,1457.78321300434,434.165659069706,1452.1206,439.97174,-0.556981135338463,-0.731139868562523,-0.954859441183012,-0.333261562717974,0.0546567687663924,-0.89999999999999
1999,5,454.542018158232,449.088103958596,431.093334456564,434.341573554623,456.869498047715,820.787350510976,0.9425902,0.7113547,6.73,9.9,4.13338634929772,4.85,2.667,4.02728312599478,1457.80104742674,434.194135183685,1452.0513,440.04965,0.424922241161481,-0.172847510357347,1.34150817222306,-1.08943344141892,-0.388000916890441,0.700000000000012
1999,6,455.492896955134,449.980967033027,431.12017288936,434.341573554623,454.96913021242,822.936457489407,0.8695955,0.5810289,6.13,9.9,3.05292050348228,5.1,2.889,4.15008431665104,1458.57711011929,434.243672002145,1452.7297,440.15942,-0,-0.855345076613063,0.475671138173487,-1.33101621478655,-0.326330449642853,-0.500000000000034
1999,7,456.434819146784,450.645421304893,431.334621436898,434.406512838676,455.092833836041,825.485026072118,0.8863109,0.704475,6.19,9.8,6.70977435324941,5.03,2.987,4.26838711879511,1459.17165309995,434.313549705959,1453.2119,440.30899,0.0192193021332106,2.30260427038742,-0.148857472731162,2.4706810452518,0.512535518184621,5.49999999999998
1999,8,455.702981066016,450.645421304893,431.508522892,434.47140997899,455.916289602978,821.374099498693,0.9043697,0.7071797,6.37,9.7,5.6474846927979,5.2,3.088,4.34108786747203,1459.2189870066,434.397096445351,1453.3953,440.44376,-0,-0.31682267745131,0.52727658980271,-0.844099267254021,-0.235598412564997,0
1999,9,456.746831880408,451.52454784601,431.615389052317,434.497357047117,454.197902342183,823.557066941646,0.8184978,0.6424878,6.27,9.6,6.23173060648616,5.25,3.152,4.63537443296247,1459.22284187512,434.481554915203,1453.2699,440.5303,-4.56983385139507,-0,-4.53653989756609,-0.033293953828973,0.569366320267762,-2
1999,10,457.677071146639,452.504414150881,431.775474465374,434.665849083609,455.096634427456,822.754040504944,0.8481485,0.6322044,6.16,9.6,5.05029821731068,5.43,3.427,4.71970681334418,1460.35411549311,434.598296700255,1454.5111,440.57895,-0,-15.5554437479707,-7.69271092906904,-7.86273281890169,-0.594183283838312,-6.99999999999998
1999,11,458.190155904874,452.936847257181,431.948611619898,434.821128617915,452.662793539893,833.326388688825,0.8590773,0.6393405,5.69,9.5,0.767050630421974,5.55,3.502,4.85930164899139,1460.18582365496,434.707139078092,1454.3496,440.65118,0,4.47853893682067,1.00157900307155,3.47695993374911,0.567512568978756,1.19999999999996
1999,12,457.677071146639,452.612697864764,432.21439250725,434.92451451495,450.67477681914,843.16587668316,0.8468578,0.619133,5.42,9.4,0.697561373642514,5.84,3.662,5.04344430764896,1460.45045683893,434.824045071775,1454.9531,440.78552,-0.38410838321282,-0,-0.978769160709956,0.594660777497137,0.243088747026832,-0.100000000000033
2000,1,458.394654953646,452.287494326126,432.360271453616,434.950344296832,450.711293644039,845.84413086788,0.7078217,0.5790873,5.36,9.4,-2.46001168682327,6.12,3.889,5.23014853344309,1460.75685419432,434.928810649588,1455.0201,440.91269,-0.0468722563931968,-1.8927758459519,0.483517232455333,-2.42316533480043,-0.545534796089342,-3.50000000000001
2000,2,459.410923862867,453.474772169155,432.519169792134,435.040696029342,449.382177863578,853.498536773697,0.7543561,0.6144615,5.4,9.3,-3.63528294657983,6.22,3.892,5.26636589435113,1461.98925136798,435.0315320398,1455.9069,441.03134,-0.172847510357347,3.43266676997699,-3.03937547829286,6.29919473791251,1.64447893549315,9.49999999999998
2000,3,459.915211366253,453.903038348355,432.743844438948,435.053596758251,447.805360297848,857.867965350633,0.8079555,0.6705535,5.96,9.2,-4.35340020237284,6.22,4.139,5.27229666185276,1461.9156401446,435.157743414935,1456.1458,441.16714,-8.12697603050739,-0,-7.31848969132337,-0.80848633918401,0.767717894775366,-3.99999999999992
2000,4,460.216567696779,455.071400019203,432.730642247365,435.143855290586,445.959628686502,854.658623234732,0.8082809,0.618893,6.38,9.1,-9.55202018574123,6.15,4.347,5.18150085211797,1462.10299450949,435.253696662828,1456.3885,441.25589,0,0.685721048163581,2.28923608143655,-1.60351503327296,-0.611048782703527,1.49999999999997
2000,5,462.202730305451,456.434819146784,432.862585794677,435.182512594076,444.048538326758,855.15423655607,0.9090056,0.6919884,7.25,9,-6.95644633859092,6.33,4.739,5.25977190786144,1462.85771105841,435.3796613856,1456.6853,441.37701,-1.57798776872428,1.81703124629529,-5.9414827811612,6.18052625873222,1.98925877513289,3.50000000000001
2000,6,460.517018598809,455.071400019203,433.257375095435,435.362716015218,447.516627875074,857.0746242629,1.008309,0.7456914,7.25,8.9,-4.65676358163347,6.17,4.872,5.16739703373375,1462.40530504061,435.581803799121,1456.7405,441.56976,15.7720532775904,0,12.7406246161452,3.03142866144515,-1.01204577821203,15.2000000000001
2000,7,461.412992735956,456.330598188939,433.375508600018,435.439846755641,446.901019877674,856.17499502139,1.031517,0.7535726,7.56,8.8,-7.62333059995891,6.08,5.036,5.13867236988848,1462.86951916855,435.73631997417,1457.1553,441.73941,2.28455313982087,-0.907635946756127,1.93390288865024,-0.556985695585497,-0.356837631170137,1.30000000000008
2000,8,462.790967295758,456.330598188939,433.572088179737,435.670882668959,444.162602523796,854.713250377889,1.032024,0.6990795,7.67,8.8,-11.9008786582202,6.18,5.14,5.21010017254919,1463.07801538035,435.907608548576,1457.0363,441.88989,-6.5371422865914,-1.47671331372501,-5.44541564209801,-2.5684399582184,0.178254520565524,-4.80000000000001
2000,9,461.907309115708,456.434819146784,434.055338646731,435.786200767458,442.094802418816,854.342867171047,1.11647,0.7594736,8.59,8.7,-12.3637640458178,6.13,5.094,5.1221890267571,1463.07324837441,436.086782358597,1457.4806,442.02267,-3.18327407734886,-0,-3.47656708460297,0.293293007254106,0.50002941975702,-2.00000000000005
2000,10,461.709875685336,456.642935767166,434.120464015363,435.939751661352,440.504833988057,849.561053240319,1.188018,0.7634165,9.64,8.6,-16.4167346213913,6.01,5.173,5.02191448432169,1462.6629689098,436.189025193446,1457.4005,442.04742,7.11008836099244,0.0770967068860002,3.34205979867204,3.8451252692064,0.343892885683062,5.49999999999997
2000,11,462.595272517062,457.677071146639,434.419495636487,436.182392735636,441.364036294292,850.970879305086,1.370717,0.8000345,12.11,8.5,-13.9951960427445,6.09,4.949,4.95862797118386,1463.38690781469,436.414760484745,1457.8949,442.21872,-0.236673652566479,-2.30057210994147,-1.16547656040161,-1.37176920210634,-0.126091228774072,-1.29999999999999
2000,12,464.246597073179,458.292457704077,434.289591747084,436.207899686419,444.76528453127,847.368741126291,1.445819,0.8481351,11.57,8.4,-6.31528150052686,5.6,4.631,4.68921799061271,1464.92998487016,436.657552675243,1458.6943,442.46796,0,2.09545141750599,0.119279227362149,1.97617219014384,0.379688001477341,2.50000000000004
2001,1,462.595272517062,457.471097850338,434.224576466204,436.335336940826,448.826101839776,846.160709612949,1.354573,0.7753563,9.73,8.3,-7.17108475540004,4.81,4.466,4.38544159299792,1464.78673901531,436.923527557804,1458.9469,442.78668,0.378432705283689,0,0.820322501495501,-0.441889796211812,-0.192447108077154,-0.499999999999989
2001,2,463.181211693451,457.779898919196,434.523297384487,436.526188834115,447.911477841771,841.756483770439,1.406314,0.8040137,9.96,8.3,-8.20781110356069,4.68,4.525,4.28643095902778,1464.94794948399,437.194310353056,1458.8983,443.10153,0,1.09246522816872,-0.353019660157169,1.44548488832589,0.333627512295643,0.300000000000011
2001,3,462.790967295758,457.161340245925,434.743518990426,436.792771029438,447.765380968446,834.263945086872,1.438479,0.7907264,11.43,8.3,-12.8515422235427,4.3,4.289,4.05450683264518,1464.26002885337,437.379813338196,1458.6584,443.35602,8.58551161076228,0.454215124915607,7.31762207148536,1.72210466419252,-0.585069541562255,7.7
2001,4,461.412992735956,456.330598188939,435.118075450278,437.096568731446,446.715102408844,836.814500503342,1.251768,0.6979038,10.56,8.3,-11.9459440037328,3.98,4.748,3.93750397006614,1464.25726056583,437.513205610979,1458.6766,443.57016,0,17.7626441496814,7.8490779578083,9.9135661918731,0.984079213087874,15
2001,5,462.595272517062,456.642935767166,435.555431434277,437.386844697242,444.970631096399,840.779491273162,1.185277,0.6934556,9.93,8.3,-16.7827110643502,3.78,4.395,3.91427140122925,1465.01723989342,437.717986710373,1458.9568,443.80844,-21.5877772575906,0,-15.5351390847102,-6.05263817288045,0.763245272738722,-16.7
2001,6,462.595272517062,456.642935767166,435.722151575491,437.600856234832,443.510520949954,836.396713732416,1.234169,0.6939333,11.44,8.3,-16.5582440789678,3.58,4.266,3.94798164565481,1465.04004901806,437.925370007339,1459.0146,444.00119,0.0333733109194632,3.95300076112141,2.65685455551943,1.32951951652145,-0.0717149585566905,0.999999999999979
2001,7,460.816569496789,454.85998344997,435.773394210484,437.839504843983,444.163426894551,830.346168253962,1.200542,0.676309,12.16,8.3,-13.330284731442,3.62,4.176,3.87421692909168,1464.4999793714,438.181411063267,1458.7378,444.19604,1.97000944265817,1.76861569385824,3.00095946620186,0.737665670314544,-0.233657627363116,2.50000000000004
2001,8,463.278535302106,457.264699428253,435.837410600865,438.002463200321,446.966312873711,826.47824795789,1.192856,0.6851175,12.49,8.3,-9.54101848046582,3.47,3.997,3.69145923187588,1465.31172002493,438.424912337002,1459.222,444.37692,5.9550272358754,-4.51939269500272,4.44937846862664,-3.01374392775397,-1.1670881558258,-1.50000000000002
2001,9,461.611012602643,455.807857845424,436.080299822225,438.177660341867,447.332537029277,809.468306890005,1.727387,0.7517906,16.17,8.3,-9.44205756194919,2.82,3.457,3.12553998468118,1464.86634403496,438.690227062543,1458.9884,444.5748,1.19660079910242,0,2.89895781742983,-1.70235701832741,-0.708215348012686,-1.00000000000002
2001,10,461.015772749913,454.542018158232,436.093067137915,438.402463733655,447.259262403671,814.349241275049,1.728908,0.7434902,14.83,8.3,-10.6138596061667,2.33,3.208,2.79941377541861,1464.68957116993,438.950016522178,1458.7616,444.74722,2.31762778053467,7.92862756952876,4.99208376775145,5.25417158231198,0.415907501806068,7.94999999999999
2001,11,460.216567696779,453.796143629464,436.093067137915,438.539595214349,445.865544470144,820.920764466535,1.508838,0.7035345,14.52,8.4,-11.0038105208937,2.18,3.163,2.74703386899662,1464.94363145111,439.196598112781,1459.3322,444.94431,3.08486302370388,0,3.46886197251842,-0.383998948814542,-0.517173851952002,5.00000000000003
2001,12,460.616968632117,454.542018158232,436.207899686419,438.776016652164,446.633216666455,821.907983513861,1.49785,0.6776637,12.35,8.4,-11.6421463017251,2.22,3.31,2.89141938164631,1465.40690853587,439.442156624701,1459.6255,445.2135,3.28540351170918,0,3.12307940703069,0.162324104678484,-0.364115081394623,5.49999999999997
2002,1,460.616968632117,454.542018158232,436.843468115441,439.383168012364,446.320331454247,821.341699386562,1.429485,0.5563205,12.22,8.4,-15.1520807641242,2.16,3.504,2.82721672145924,1464.33699032102,439.76363537325,1458.7515,445.62451,0,1.52993724560584,0.86638764269886,0.663549602906981,0.0225673215647149,0
2002,2,460.816569496789,454.85998344997,436.957442673464,439.469603777454,445.346434843024,817.120397970968,1.63134,0.6093792,12.76,8.5,-14.4101343974257,2.23,3.49,2.8670808923164,1465.51706616299,439.919004625948,1459.7889,445.81702,0,3.39124689497739,-0.160844225152455,3.55209112012984,0.730119987800393,4.74999999999999
2002,3,461.709875685336,455.702981066016,437.185002822232,439.61760577783,445.494827841824,822.797530019835,1.411512,0.5908424,11.31,8.5,-13.7309950964607,2.57,3.908,3.13404101432151,1465.42193526962,439.997093206951,1459.5079,445.90714,0,1.16009280842015,0.0872326662053252,1.07286014221482,0.203278025648324,1.50000000000001
2002,4,461.115225766564,455.492896955134,437.462430490712,439.728463706286,445.955927167722,820.484037680159,1.568838,0.6298863,11.17,8.6,-10.5138318123305,2.48,3.679,3.09156145426271,1465.50765925003,440.012722105842,1459.6998,445.88962,-0,-1.77611754626431,-0.631640727418216,-1.1444768188461,-0.148461664538146,-2.49999999999999
2002,5,461.214579972452,455.912624748668,437.563122758502,439.876083366505,447.73981762319,816.150470362676,1.505401,0.5938319,10.29,8.6,-6.83859128664649,2.35,3.973,3.10037864996456,1465.78106020837,440.119266728825,1460.1454,445.97153,5.16406683120961,0,3.93387062751383,1.23019620369578,-0.253706095368855,7.7
2002,6,461.709875685336,456.330598188939,437.575702166029,439.986655280221,450.132962572371,805.296790733181,1.830538,0.6382151,10.83,8.6,-1.45046862028817,2.2,3.681,2.98833300482923,1465.60823408332,440.328283743628,1459.8385,446.18195,0.720818027510517,0,1.30442786184886,-0.583609834338344,-0.282230683628271,2.25
2002,7,461.115225766564,455.597994179732,437.789310339227,440.207432997766,451.406425592726,794.117002051385,1.994768,0.7369651,11.87,8.6,-2.06109539041244,1.96,3.409,2.70331043815226,1465.83318846457,440.679000390274,1460.0547,446.55658,-0,-1.00195427128152,0.113184814554312,-1.11513908583583,-0.23717285198952,-0.999999999999979
2002,8,461.907309115708,456.017282005736,437.952350445576,440.354347813613,450.723536482407,790.006138276597,1.935081,0.7540501,12.07,8.7,-1.95906497650041,1.76,3.33,2.59151049555975,1466.21716871036,440.927392745725,1460.3571,446.8533,-0,-0.0342477477955048,1.58990924852308,-1.62415699631859,-0.526377316919646,-0.200000000000022
2002,9,462.005879848184,456.330598188939,438.15265096322,440.488830381714,450.779106740519,780.390754637312,2.315207,0.780436,13.49,8.7,-1.21738009317088,1.72,3.044,2.48556644449175,1466.12631656643,441.085029011739,1460.2194,447.05081,-0,-2.88124677830187,0.934383630410459,-3.81563040871232,-0.880993008893327,-4
2002,10,461.512051684126,455.702981066016,438.327585407431,440.62313233707,451.091225237851,777.68417764352,2.162148,0.8939762,11.41,8.8,-1.197137178122,1.65,3.027,2.46701703748363,1466.24532851185,441.145716353259,1460.4689,447.15527,2.78288511040124,0,2.26653383495057,0.516351275450672,-0.184623307066101,2
2002,11,462.202730305451,456.330598188939,438.327585407431,440.781620636017,452.128627700445,784.737101552639,2.078598,0.8498029,10.42,8.8,-0.682322534812554,1.49,2.95,2.48936886594181,1466.22646773675,441.261968994202,1460.3982,447.2659,1.83690742100263,0,6.03347276555717,-4.19656534455455,-1.6045496113783,-1.65000000000002
2002,12,460.416968565451,454.754107315146,438.489750976556,440.927694916404,453.217144456428,781.481562158298,2.048365,0.8327502,10.07,8.8,4.73605713598376,1.45,2.654,2.36958951325388,1466.14572546778,441.435226727959,1460.2814,447.41299,-0,-4.09433256569294,0.224139282241713,-4.31847184793465,-0.891277315403283,-1.55000000000003
2003,1,461.907309115708,456.434819146784,438.962271129551,441.170678877529,455.633072060337,777.375625486087,1.948016,0.8022029,7.97,9,7.12968818820338,1.36,2.567,2.3040336059969,1465.69117352049,441.697044432496,1460.245,447.66953,0,2.36841519995363,-2.33879101132373,4.70720621127735,1.23744907061862,2.74999999999999
2003,2,462.104353514438,456.642935767166,439.271926421262,441.340417036614,456.991806753513,768.288872343987,1.962349,0.8170055,8.47,9,7.50147038054458,1.3,2.293,2.1578787891899,1465.53831971332,441.925192274739,1460.1808,447.85065,1.69871846787474,0,5.33743059266445,-3.63871212478971,-1.40471361424188,1.00000000000002
2003,3,462.202730305451,455.807857845424,439.555964895647,441.534051370382,457.786065224451,764.32256147566,1.81613,0.8463629,7.9,9.1,8.61776962410524,1.24,2.331,2.15138759211945,1466.42243853909,442.141478992634,1459.9532,448.02127,3.14393837344237,0,6.16253544417969,-3.01859707073733,-1.38558258236667,-1.69999999999999
2003,4,462.005879848184,456.226268497682,439.444915467244,441.691103652738,458.477256171631,773.117495397166,1.400473,0.7517132,5.94,9.1,11.1541374732908,1.27,2.327,2.1719190612713,1466.04751564967,442.301852728324,1460.119,448.10413,1.77088716684603,0,1.80742656441293,-0.0365393975668986,-0.236794942893681,1.2
2003,5,460.316818331742,454.542018158232,439.395520553916,441.823801663645,462.398114527346,774.198353148314,1.431928,0.7938023,6.07,9.1,16.2628923448219,1.18,2.092,2.0694806195361,1465.79557372569,442.499742865551,1460.1691,448.26404,3.81697893153996,0,5.7660825197775,-1.94910358823754,-1.12156216574055,4
2003,6,460.616968632117,454.542018158232,439.555964895647,442.00447018614,462.567942631957,780.111603690531,1.252693,0.7075072,5.27,9.1,13.9935840297517,1.01,1.986,1.97700132417343,1466.10887438873,442.759631875133,1460.3409,448.53214,-0,-6.10801539200572,-0.864715547779694,-5.24329984422602,-0.937799933318395,-7.00000000000001
2003,7,461.907309115708,456.226268497682,439.728463706286,442.136753291234,461.355691882113,780.785463513491,1.216198,0.7100654,5.1,9.1,11.6092718986853,1.12,2.129,2.06473040857348,1466.50519966442,443.060240408408,1460.4521,448.8801,0.493884746086681,0.491827200221289,0.0745176210020542,0.911194325305916,0.172592150678152,0.749999999999984
2003,8,460.416968565451,455.071400019203,439.962094307483,442.30486091968,460.242742806405,783.364828114341,1.055612,0.628728,4.58,9.1,9.4036641926383,1.31,2.236,2.2681704525162,1466.24069653674,443.252738449676,1460.8809,449.11777,0,0,0,0,0,0
2003,9,460.616968632117,454.754107315146,440.219684146326,442.592389571106,460.024608246482,784.514665810506,1.056774,0.6679318,4.55,9.1,15.2721087017664,1.24,2.048,2.22214608682015,1466.85624428646,443.35653403791,1461.0414,449.26608,-0,-0.851913066434098,-0.058452776855349,-0.793460289578749,-0.151109047456011,-1.50000000000001
2003,10,462.399194022868,457.264699428253,440.305400186596,442.711949604478,461.580938842563,783.33109583731,0.9384004,0.5895886,3.87,9.1,14.9195566361853,1.25,2.292,2.39255194832706,1467.34475468813,443.316118834322,1461.6189,449.26315,1.38518891486498,0,3.23145780166404,-1.84626888679906,-0.77918704616744,2
2003,11,462.301010411642,456.954300834494,440.391042817389,442.819431551889,461.463326944265,787.018825332571,0.9571701,0.5870358,3.65,9.1,18.1904803297612,1.34,2.355,2.4681945377682,1467.10922580224,443.34983854321,1461.3197,449.29773,0,0.389736385607349,-0.0712693586321261,0.461005744239475,0.101156847360606,1.00000000000002
2003,12,462.301010411642,457.264699428253,440.439948552561,442.891022057273,464.196873730515,790.180976676773,0.9328424,0.5830807,4.1,9.2,23.087359737612,1.31,2.208,2.38151722161031,1467.26606483848,443.470547457482,1461.4443,449.37531,-0,-1.39529028114972,0.570755490261566,-1.96604577141129,-0.46528059302382,-2.45000000000002
2004,1,462.69316777696,457.161340245925,440.781620636017,443.17687265687,465.180851280576,795.125100898097,1.033274,0.600049,3.73,9.3,21.9296159585316,1.24,2.155,2.46788912697248,1467.63496382376,443.714915910238,1462.1377,449.586,-0.904586298727536,-0,-1.53855221533455,0.633965916607015,0.322019162705267,-1.45000000000004
2004,2,462.986279857846,457.574137529728,440.927694916404,443.355115232727,464.84758137364,796.372582812015,1.023635,0.6259277,3.79,9.3,21.8412376938308,1.24,2.003,2.41793736912801,1467.65774995017,443.929724863153,1461.9139,449.74545,-0,-1.16559671703991,-0.461084623881402,-0.704512093158503,-0.0822140681755457,-1.75000000000001
2004,3,463.083793273667,457.367951889672,441.231332727875,443.568587799563,463.237184341324,794.768012662026,0.9357418,0.6257057,3.63,9.3,20.6363551274193,1.19,1.902,2.41449484209128,1468.01403661306,444.156840138633,1462.1614,449.94376,0,3.83553388328965,1.59036222618209,2.24517165710756,0.246645374901266,4
2004,4,463.375764284,458.292457704077,441.509867573408,443.769783204434,461.536504139814,795.887937554723,0.852984,0.5441442,3.29,9.3,18.0236050302933,1.43,2.125,2.54390362064241,1468.30841048917,444.38420022278,1462.3954,450.15259,7.43155523769671,0,5.70205583868526,1.72949939901146,-0.37845870785036,8.00000000000001
2004,5,463.569939102291,458.394654953646,441.787628756758,443.852510857914,462.359735797525,791.153953825939,0.8770716,0.57078,3.87,9.3,20.0243331427877,1.78,2.299,2.78303993196994,1468.22966335145,444.558608855165,1462.8329,450.32181,1.00800571542735,0,1.76596947337316,-0.757963757945811,-0.375669422951397,1.50000000000001
2004,6,463.763737612559,458.292457704077,441.896108246694,444.041346037361,462.213840799324,793.457341910497,0.7622744,0.5524195,3.53,9.3,19.7128064110928,2.12,2.313,2.92271984998019,1468.56695041255,444.677098442181,1462.583,450.46658,-1.32885745293243,-0,-1.31338745752293,-0.0154699954094988,0.163673965777633,-1.50000000000001
2004,7,464.053732982538,459.208494643944,442.028534679097,444.135630074988,462.81882265333,791.219358213266,0.7439081,0.580531,3.63,9.3,18.4984674213438,2.1,2.243,2.93781203899604,1468.85149272623,444.720923028312,1463.3242,450.59467,-0,-0.114593188700667,0.732093185205664,-0.846686373906332,-0.26212149850684,0.150000000000006
2004,8,462.69316777696,457.057874121847,442.256858998682,444.241593468667,462.72515874541,788.11550012527,0.7315614,0.5695603,3.48,9.3,19.7456444378225,2.02,2.231,2.81698193280652,1468.29951382943,444.840894999726,1462.7236,450.75391,-0.184322176319743,-0,-0.283776468952529,0.0994542926327858,0.0559026346179437,-0.550000000000006
2004,9,463.860496207433,458.598736657132,442.316857800506,444.312173403369,463.212560235952,791.886588866405,0.6732102,0.5377195,3.32,9.3,21.6481408440659,2.12,2.315,2.81949932179062,1468.70587706484,444.999916340117,1462.7158,450.91837,1.09889007544349,0,1.16844957277839,-0.0695594973348978,-0.162259395543973,2
2004,10,464.342889810518,459.107126160859,442.592389571106,444.359199033204,464.366467396523,793.536446271154,0.6939338,0.5220208,3.23,9.3,24.2632403898057,2.23,2.239,2.83577737591377,1469.17409932169,445.21464714652,1463.3796,451.14484,-0,-1.25946985396193,-0.583493353379108,-0.675976500582823,-0.0609701318114553,-0.699999999999967
2004,11,463.569939102291,457.882621064849,442.592389571106,444.464925915299,465.631091873871,796.648110760334,0.6515086,0.5233294,2.97,9.3,28.2091474138536,2.5,2.245,2.86646397859864,1469.17650594967,445.404704151877,1463.0833,451.30579,-0,-0.732154408824304,-0.211241683835616,-0.520912724988688,-0.0772547901275012,-0.700000000000012
2004,12,462.888671260541,457.98523780038,442.711949604478,444.758026541332,467.019827476787,798.139168410911,0.6284789,0.5145867,2.78,9.2,30.291545309237,2.67,2.285,2.92893945152857,1468.55728014751,445.569384087687,1463.4052,451.46558,1.36847787134724,0,1.89737862180048,-0.528900750453243,-0.346588745823784,2.59999999999998
2005,1,464.342889810518,458.802402715312,442.759733621634,444.79314095616,466.1054176985,799.193938014464,0.5624785,0.503182,2.85,9.2,26.6126409486064,2.86,2.212,3.03162884184793,1469.86454663643,445.634145995486,1463.8311,451.58075,-3.95375432758503,-0,-2.49160377929362,-1.46215054829141,0.0242332812877777,-5.54999999999999
2005,2,463.763737612559,458.598736657132,442.986396408804,444.921788421421,465.506735624774,802.303567963903,0.5014591,0.4680808,2.43,9.2,28.3222141729687,3.03,2.231,3.16827913603197,1469.10346292972,445.787234735781,1463.3545,451.73764,-0,-0.705917185400654,0.574831147639418,-1.28074833304007,-0.328877728129484,-1.45
2005,3,463.472898822964,458.496747867057,443.343242273378,445.085282560373,466.187655322592,802.805361627288,0.5880554,0.479264,3.29,9.2,25.9976801359559,3.3,2.261,3.24888520214872,1468.72626008353,445.965460000613,1463.1512,451.91071,-1.00611205806193,-0,-1.1332927088032,0.127180650741278,0.169307953804854,-1.29999999999999
2005,4,465.586330030361,459.915211366253,443.592278868141,445.131946116983,465.13350021835,801.09400976828,0.708,0.5587865,3.98,9.3,25.6114002984119,3.32,2.115,3.19801499087936,1469.54527741124,446.156503305647,1463.5624,452.06134,-0,-1.71150299392264,-0.0882136414748695,-1.62328935244777,-0.313127566136373,-2.30000000000001
2005,5,464.246597073179,458.598736657132,443.675153436313,445.283452468439,464.132273559922,801.416052353769,0.6492852,0.5288799,4.4,9.2,21.098999514164,3.33,2.071,3.12332281818802,1469.78273459899,446.298488507334,1464.298,452.18619,0,0.0193305803867799,-0.770576428856063,0.789907009242843,0.255663487706315,0.349999999999984
2005,6,465.205377188694,459.511985013459,443.876134765419,445.353301132513,461.542641064504,805.568600495726,0.621232,0.5355929,3.92,9.2,19.0455056690677,3.36,2.003,3.06230731019564,1470.00367991217,446.381373250726,1464.5472,452.28891,1.52077383389674,0,1.37030370497547,0.150470128921267,-0.143928175912933,2.20000000000002
2005,7,465.776263610726,460.015764416455,444.194512488512,445.423101042281,462.365331567909,809.165817329505,0.5874694,0.4770213,3.38,9.1,19.3014186332698,3.64,2.146,3.16559217973255,1470.30642528214,446.451050456076,1464.6194,452.40701,0,2.0440757205938,-1.60657504505658,3.65065076565038,0.933380773970072,3.24499999999999
2005,8,464.822967544854,458.904080405821,444.44144071087,445.562554870807,462.989889548794,810.268306014021,0.5647119,0.4760919,3.41,9.1,20.9450224182207,3.87,2.132,3.24239908308078,1470.60471022469,446.60692895068,1464.5492,452.58109,-0,-0.073335863005063,0.115604681994177,-0.18894054499924,-0.0524284318734303,0
2005,9,466.532410880784,460.216567696779,444.863332816786,445.701814496423,462.506594620217,811.72662194827,0.5290775,0.4154917,3.33,9.1,18.7143247073168,3.85,2.264,3.30561808402757,1470.75131454035,446.903522991133,1465.2305,452.84949,-0.810146232683198,-0,-0.856440949279086,0.0462947165958884,0.117994472816285,-1.39999999999998
2005,10,465.965837127216,460.416968565451,444.980209875439,445.817716224743,462.123938210685,811.374482831008,0.5448624,0.4506862,3.35,9.1,18.1904803297612,4.18,2.467,3.4662955854553,1470.7446824472,447.227792768232,1465.3452,453.11249,-0.380399279952042,-0,-0.834984227047015,0.454584947094972,0.196845205132767,-0.300000000000011
2005,11,467.1893818031,462.104353514438,444.816543717793,445.95662121293,461.437469423025,813.296908740888,0.5768697,0.4480969,3.65,9,16.4666621555234,4.33,2.637,3.5327486339914,1471.02710501018,447.442022371061,1465.5405,453.26993,-1.05614501918859,-0,-2.66007490320393,1.60392988401534,0.658218208543993,-0.099999999999989
2005,12,467.37629774537,461.015772749913,444.898410279876,446.118433545971,461.550757063914,817.471854431865,0.5950549,0.3973728,3.99,8.9,16.9067441115539,4.35,2.724,3.53856741913267,1471.70531383558,447.578269765575,1465.5492,453.39722,-2.93831266077062,-0,-3.22930373749871,0.29099107672809,0.468173717201736,-2.85000000000002
2006,1,466.814498514948,461.808641125464,445.166929500233,446.164617590205,462.323110130575,819.61439624053,0.5852883,0.3637717,3.28,8.9,19.5402296332485,4.45,2.763,3.60788100470736,1471.70647115988,447.584796290302,1466.2218,453.46677,-2.5752714162904,-0,-1.92821430776621,-0.647057108524187,0.115551209822584,-2.99999999999998
2006,2,467.1893818031,461.709875685336,445.330023664996,446.314568595867,461.716891249517,822.785355930449,0.6106185,0.3730718,3.35,8.8,17.6051943780359,4.68,2.821,3.68752465771256,1472.3265195514,447.68386915485,1466.3308,453.56906,-0.91187626396212,-0,-0.662968296146373,-0.248907967815747,0.0344480510655387,-0.199999999999978
2006,3,467.282883446191,462.399194022868,445.504472741045,446.452785618562,462.404787585758,824.667817160782,0.5987152,0.359822,2.94,8.7,19.3838316921621,4.77,3.117,3.76360563235039,1472.12234063759,447.836748037807,1466.5367,453.71005,0.978244368592006,0,2.26173834063969,-1.28349397204768,-0.543618066514107,2.44999999999997
2006,4,468.02776584749,462.790967295758,445.875616753255,446.567820716949,463.417252275182,825.182069274598,0.5537567,0.3683084,2.79,8.6,23.3014671109473,4.9,3.13,3.88095367363321,1472.81779655745,448.084870847279,1467.2943,453.92584,-9.44979120673944,-0,-6.74824819697675,-2.70154300976269,0.317085567836806,-9.3
2006,5,469.31810633108,464.246597073179,446.141528234295,446.75160206893,464.217980262197,822.331792734933,0.6267797,0.422598,3.03,8.5,24.9434885268278,5,3.178,3.97156044797018,1473.23524120165,448.305822066781,1467.2455,454.12131,-0,-0.166199976384059,0.019777890896432,-0.185977867280491,-0.0396690769093766,0.900000000000034
2006,6,469.592454925656,464.150211523548,446.314568595867,446.946500382272,464.23224151488,816.867231254547,0.6476766,0.4144717,3.14,8.4,24.5218105632521,5.16,3.372,4.09048771436883,1473.36115246072,448.489322920776,1467.7939,454.30194,-3.9671706025406,-0,-4.2328185438025,0.265647941261906,0.590529580651022,-2.44999999999997
2006,7,469.501088998788,463.957161270542,446.602305457793,447.129587743176,464.546628224809,819.349160184465,0.6511207,0.4439166,3.02,8.3,24.4043615421951,5.22,3.37,4.13273640123071,1473.62362521657,448.649831769514,1467.7441,454.48691,2.10541014867638,0,1.66397945309306,0.44143069558332,-0.12308403961736,3.2
2006,8,469.774936728119,464.246597073179,446.74012562432,447.2666836175,464.712082335133,822.787327175802,0.6311288,0.4424038,2.89,8.3,24.6313053340852,5.08,3.469,4.13403697558748,1473.77078946779,448.810332746719,1467.9489,454.6597,2.74295155257758,0,1.73522715045666,1.00772440212093,-0.0189868012729022,3.94999999999999
2006,9,470.320392625946,464.342889810518,446.590811865458,447.471975660403,464.531931418457,824.73693735324,0.6856756,0.4517597,2.87,8.2,23.7992754164415,4.97,3.609,4.10443137701242,1473.80431749972,448.965283581754,1468.5012,454.79749,0,0,0,0,0,0
2006,10,469.866052907543,464.053732982538,446.533324080029,447.597224751641,464.190415591064,828.79904703525,0.5853508,0.3784274,2.53,8.1,24.4748475066594,5.01,3.687,4.18771018061421,1474.10647275891,449.116812179836,1468.5557,454.9476,-0.193420534078352,-0,-0.407830361064301,0.214409826985949,0.0946219063218123,0
2006,11,470.953020131233,465.014355163082,446.659753612415,447.779125665826,464.962142681966,830.716411817323,0.6132817,0.4035274,2.52,8.1,28.2242303701416,5.01,3.697,4.19812643738304,1474.69039058252,449.357147024597,1469.205,455.15668,-0,-0.586584741701718,2.3976352691294,-2.98422001083112,-0.900673254099615,0.199999999999978
2006,12,473.268350628705,466.438204561994,446.774551007642,447.892645941384,466.102013304752,831.148532624492,0.6040704,0.4006613,2.33,8,27.7404438040647,4.94,3.879,4.23864530478675,1475.8165647103,449.636016152751,1469.563,455.42599,0,2.15908110906779,-0.813424487384618,2.97250559645241,0.697180658989183,3.69999999999999
2007,1,471.402459090017,466.060489287619,447.026642352329,448.130619876571,465.485613929479,833.273833675963,0.5458397,0.3785816,2.08,7.9,26.2210406478112,5.06,3.958,4.377232073764,1474.91643763615,449.974086124196,1469.4117,455.78549,-4.68131671359279,-0,-4.83600010603986,0.15468339244707,0.644947006706076,-5.65000000000002
2007,2,472.206393745959,466.62652853479,447.175307254774,448.266351149529,466.007021826972,835.000403217637,0.5495338,0.4049657,2.22,7.8,27.9901885132819,5.05,3.944,4.34658546741942,1475.66589099473,450.211324361071,1469.583,456.03473,0.856536380408221,0,1.3029378844781,-0.446401504069881,-0.254627685623987,2.10000000000008
2007,3,472.738781871234,467.095792652609,447.392189937814,448.334147762296,466.864814492834,831.151365261617,0.562278,0.4022335,2.18,7.7,29.0727430637741,4.92,4.073,4.33094358332819,1475.97394368038,450.386401851958,1470.7439,456.23111,0,0.900070849394984,0.288839781414696,0.611231067980288,0.0854472550656737,1.2
2007,4,471.492104994721,465.871095291612,447.824549241442,448.672443078161,467.920379823433,837.349520798462,0.4979718,0.3675521,2.05,7.6,31.1886761148598,4.93,4.161,4.3993330385036,1476.40423823979,450.526345507797,1470.5054,456.40533,-0,-0.494417308472814,0.681570521769781,-1.17598783024259,-0.3214999202239,-0.150000000000006
2007,5,473.180283692146,467.656018207476,448.040029903214,448.807441411184,468.103340251302,839.949642953816,0.5055483,0.3618788,1.87,7.6,29.661703650936,4.91,4.326,4.47002507209474,1476.07960257013,450.640054310058,1470.0623,456.53156,-0,-0.652816326309708,-0.0399257249335596,-0.612890601376148,-0.11738420423022,-1.29999999999999
2007,6,473.003916803396,467.656018207476,448.18719696436,448.919800973567,467.680223843784,840.519100192452,0.5401089,0.3485577,2.26,7.5,30.1584977620772,4.96,4.407,4.53611237202568,1476.18258940897,450.779636751345,1470.8947,456.67972,-0,-1.10409958784323,-0.336205685090209,-0.767893902753022,-0.110733823750842,-1.95000000000007
2007,7,473.092139129365,467.842064772768,448.390609849505,449.088103958596,468.395271535499,840.044020507686,0.7094241,0.486371,3.5,7.5,31.5613337380472,4.96,4.382,4.53741385060443,1476.56505360054,450.9419940361,1470.3601,456.86023,0.0436514846839321,0,0.395939243767219,-0.352287759083287,-0.120659650220034,0.74999999999994
2007,8,473.795129722191,468.490515400694,448.480882931691,449.289694350531,467.961602962824,834.773857140862,0.7941833,0.6590989,4.1,7.5,31.0494870516938,4.47,4.096,4.29017486695815,1476.58847740276,451.147384534695,1471.0854,457.03506,-0,-0.501752506844396,-0.15062606573629,-0.351126441108107,-0.0510285526303278,-0.300000000000011
2007,9,473.707525686803,468.02776584749,448.694955460066,449.468545281282,469.069353975343,836.274230986628,0.8622277,0.7073683,3.68,7.4,35.1994005420192,4.14,4.035,4.07443551454964,1476.84331041822,451.418347342141,1471.4116,457.27786,-3.89853973701362,-0,-3.99433342330954,0.0957936862959263,0.526312026752507,-3.14999999999994
2007,10,473.97010789457,468.859179412716,449.043250851767,449.780766765959,470.244570597285,839.632396837889,0.8660342,0.7138371,3.7,7.4,36.9354221095806,4.1,4.161,4.08250400173746,1477.25403933794,451.769685790803,1471.6265,457.57089,-0,-0.416670193542413,-9.90955084696314e-05,-0.416571098033943,-0.0832170679183619,-0.649999999999995
2007,11,473.356340075649,468.213122712422,449.635928012991,450.069816439138,471.877204826458,836.982393566744,1.120257,0.9335823,4.94,7.4,38.4445740884089,3.5,4.02,3.77632604309576,1477.11392703325,452.054544936694,1471.6749,457.82285,-0,-2.3364309701491,-0.360219955529767,-1.97621101461934,-0.349102776992005,-2.74999999999999
2007,12,473.795129722191,468.767140749983,449.780766765959,450.269439439886,472.402020776783,838.618273285134,1.105257,0.8398617,4.91,7.4,37.8641894064289,3.26,4.067,3.63497970480509,1477.20617643584,452.183168220766,1471.1481,457.94559,2.32953633345558,0,2.59256449693297,-0.263028163477393,-0.381738081675564,4.8
2008,1,475.18645651389,469.592454925656,450.225113198025,450.579174200781,473.170591592521,830.451612485356,1.302218,1.039919,6.63,7.4,39.4808527919635,2.71,3.7,3.28235692713365,1477.74098219823,452.245955408224,1471.774,458.05142,-0,-0.375546646902169,0.675037202320494,-1.05058384922266,-0.295615027060769,-0.200000000000067
2008,2,475.272775034571,469.409639518249,450.358033022646,450.722654165796,473.087553486307,823.6574885055,1.425144,1.116886,7.35,7.3,41.7854705754087,2.05,3.652,3.0126553964442,1478.07925938012,452.326576402627,1472.5626,458.14001,-0,-5.63560789481236,-1.59420743275649,-4.04140046205587,-0.605038240964717,-7.39999999999998
2008,3,474.232002413533,468.951133442184,450.832883453854,450.987000613377,475.816333899674,818.516547924724,1.529796,1.169887,7.65,7.3,45.7741252673535,1.54,3.771,2.79535141518104,1477.12095845497,452.563170203132,1471.6288,458.37875,3.19316652899545,0,3.67982214969133,-0.486655620695872,-0.564470604921574,5.00000000000003
2008,4,474.927052996185,470.138904372863,451.041984944228,451.10792625885,477.502097161942,823.432691770201,1.343706,1.072067,6.22,7.4,44.2632432449604,1.74,4.028,2.94658233117703,1477.15903407389,452.809418002379,1472.1105,458.61755,-0.149807212169005,-0,-0.244532126953815,0.0947249147848093,0.0499747449866916,-0.349999999999984
2008,5,472.206393745959,467.1893818031,451.622967669144,451.349339741619,477.230365211585,824.610919232135,1.294487,1.023288,6.15,7.4,44.21184257562,2.06,4.271,3.25277922808639,1477.49533920109,453.032077938862,1471.5336,458.83862,-0,-1.35259439664395,0.474570554397293,-1.82716495104124,-0.425319727903428,-1.45
2008,6,472.02829930886,467.37629774537,452.080983737002,451.557365217634,477.447151294054,816.84388819833,1.404676,1.161952,7.33,7.5,45.4128280087445,2.42,4.68,3.45964902951375,1477.32234710514,453.159609526778,1471.215,458.95074,15.6064354589555,0,10.8703427735773,4.73609268537823,-0.433983633554824,20.3
2008,7,471.6711560721,466.343909411207,452.38516648105,451.73220954149,478.197069648263,810.127093744587,1.394061,1.16034,8.35,7.5,44.3980444336498,2.28,4.45,3.34456474584699,1476.94420628676,453.153743794154,1470.9712,458.92184,-10.1040573059852,-0,-10.3190633917783,0.2150060857931,1.35320062185773,-16.1000000000001
2008,8,471.043069664558,465.965837127216,452.189726679427,451.87404579897,476.143348979583,811.55338222879,1.514748,1.352267,8.72,7.6,38.315133051158,2.18,4.321,3.20430816271732,1476.88317750007,453.181709975645,1471.2705,458.96054,-0,-5.23941940691302,-1.2533284901506,-3.98609091676243,-0.637270002828849,-9.20000000000005
2008,9,470.048036579242,465.205377188694,452.276635973328,452.026567889765,474.525207717417,806.894278777304,2.154054,1.947731,12.08,7.7,34.2241277941129,1.91,3.336,2.88118923913738,1476.59758670202,453.292688935901,1471.1362,459.13443,-0,-0.823710071496175,1.8083319720752,-2.63204204357137,-0.755483514443789,-0.450000000000017
2008,10,468.120487226409,462.595272517062,452.135369989498,452.200594472732,470.762658878937,787.370296116282,3.704566,2.496721,19.19,7.8,23.7598572283794,1.42,2.502,2.16852685907375,1476.19164158247,453.440124552388,1470.538,459.38544,-0,-6.43392502397985,-1.4527596618741,-4.98116536210575,-0.810760493031637,-8.30000000000002
2008,11,464.342889810518,458.904080405821,451.721290722895,452.298351500014,470.188301797937,780.501473958854,3.600882,2.542371,21.82,8.1,23.8544347890233,1.07,1.999,1.58487331707344,1474.9919039011,453.596970540826,1469.158,459.5455,18.9110246438315,0,15.5542031154802,3.35682152835138,-1.30428193491552,13.6
2008,12,461.015772749913,455.387689160054,451.338379035738,452.38516648105,475.105594814083,778.613785032881,3.618701,2.648496,22.04,8.4,33.0669720251218,0.49,1.715,0.902807183696778,1473.88502763096,453.731232180925,1468.3719,459.60486,4.8803377562045,0,7.50657165388959,-2.62623389768509,-1.47784599256786,4.70000000000002
2009,1,457.98523780038,451.195780426591,451.404125257699,452.450228292064,474.136315846443,776.001104291453,3.30587,2.534019,19.54,8.8,24.7172529113571,0.44,1.161,0.805298750251647,1472.72734672336,453.951878609393,1467.1073,459.69962,-0,-2.37076753009763,0.299459105700552,-2.67022663579819,-0.571526476159256,-1.10000000000001
2009,2,456.226268497682,448.975933447676,451.557365217634,452.569398448629,472.102514187047,767.779076655167,3.088872,2.679421,20.5,9.1,23.6020289127889,0.62,1.029,0.755745749325069,1471.85628523193,454.061652122923,1466.2523,459.7417,-0,-6.07610148792834,-2.31323250693803,-3.76286898099031,-0.458091676403427,-6.40000000000001
2009,3,454.754107315146,447.619980469113,451.447932070359,452.569398448629,474.868074568368,759.786088865145,3.080182,2.758955,19.93,9.4,28.2242303701416,0.64,0.855,0.712374628575971,1470.98174370853,454.003088766376,1465.6809,459.7001,-0.0315090061810794,-0,-0.719022594121507,0.687513587940428,0.228659642468632,-1.3
2009,4,453.58201078533,446.129981556839,451.590171822991,452.699240492407,474.165720643825,772.146620322163,2.609948,2.353367,18.87,9.5,28.0959526690954,0.55,0.897,0.685911470781395,1471.9703647137,453.907350061163,1466.261,459.69608,7.62186502646635,0,4.8164958148696,2.80536921159675,-0.0510608946750146,5.35
2009,5,455.282370561588,448.525988931553,451.655752763149,452.731674678323,474.516862213552,779.428004755838,2.216681,2.011333,15.82,9.6,34.5431977992685,0.5,0.944,0.665935928170374,1471.7009874122,453.807779064214,1465.9447,459.68665,-0,-2.67892555956878,-0.743702560403946,-1.93522299916483,-0.292221535248149,-2.89999999999999
2009,6,455.387689160054,449.200148788245,451.928544683092,452.774903901951,475.221251841306,780.344526514833,2.036106,1.982256,14.18,9.7,33.7899788612398,0.51,0.832,0.752572363596952,1471.78956528723,453.801581326978,1466.1053,459.75867,0,4.14837630744627,2.4996440354097,1.64873227203657,0.0120242890783828,6.10000000000001
2009,7,455.597994179732,449.312068217947,451.76495884586,452.785708288542,475.409437432947,780.876817682567,1.723235,1.75394,11.59,9.9,35.6204833454112,0.48,0.622,0.708696365629407,1472.10253133496,453.816539461392,1466.7177,459.81973,-0,-6.78357316080163,0.961716515513463,-7.74528967631509,-1.66959763168348,-6.05
2009,8,455.282370561588,449.312068217947,452.015681166113,452.872101382469,475.485921314339,790.198912515622,1.643623,1.611949,10.55,9.9,36.1443556013835,0.46,0.599,0.686017837157705,1471.95258560278,453.881042960577,1465.9611,459.92938,0,0,0,0,0,0
2009,9,457.677071146639,451.743127168008,451.9503359231,452.926059188774,476.701603902071,794.73015118885,1.645097,1.471068,8.83,10,38.0489122037987,0.4,0.682,0.69266176338184,1472.53414683002,453.944176649558,1466.3402,459.99643,-0,-4.83431579211771,-2.28534570244386,-2.54897008967385,-0.219099207942719,-5.95
2009,10,457.264699428253,451.305489708029,451.972122415561,452.969204481213,477.778394084969,796.049272479901,1.545127,1.384462,8.3,10.1,38.8996915400857,0.37,0.723,0.680787677822563,1472.55508180378,454.022435098389,1466.6869,460.07748,-0,-2.71609673490837,-1.13005314630062,-1.58604358860775,-0.173400424928793,-3.3
2009,11,457.471097850338,451.633897228148,452.178857704904,453.05543926073,477.486485815246,795.288651343938,1.518758,1.443965,8.13,10.2,40.5065028086825,0.31,0.81,0.633515301917528,1472.7208657186,454.126088744086,1466.772,460.13824,0,0,0,0,0,0
2009,12,457.264699428253,451.633897228148,452.222326516717,453.163128265322,476.537904933645,797.509923566172,1.424992,1.417638,7.55,10.2,35.9909706448662,0.37,0.796,0.716070470209042,1472.66783561919,454.18487342546,1467.2311,460.1329,-3.92836827905154,-0,-3.3653437114474,-0.563024567604144,0.314817376122178,-2.5
2010,1,458.598736657132,453.367418428302,452.504414150881,453.259949315326,474.470079726045,798.027089232496,1.424133,1.375661,6.92,10.3,32.7143141332695,0.35,0.611,0.689728367557871,1472.73668302759,454.23972356996,1466.6943,460.11255,-0,-1.54388866977011,-0.387531209970871,-1.15635745979924,-0.181830713177078,-2.3
2010,2,457.264699428253,452.828914165213,452.547741707884,453.313698308826,471.930658072428,791.113452153771,1.473505,1.438048,7.64,10.3,31.1886761148598,0.35,0.536,0.664573864717833,1472.48561549059,454.253974891037,1467.2651,460.08569,0,0,0,0,0,0
2010,3,459.814557105113,454.648118963941,452.882895273137,453.42110970476,471.618548318937,796.917311757202,1.332745,1.317991,6.23,10.3,30.2028666158703,0.4,0.504,0.702564228531461,1473.96129199155,454.293597189744,1467.9215,460.15039,-1.43902093798314,-0,-1.82167019555234,0.382649257569198,0.307755207621874,-0.949999999999995
2010,4,460.116216459055,455.176940926098,453.21692931036,453.571292097287,470.138904372863,798.524658170107,1.375895,1.473202,6.17,10.4,28.5329306868184,0.45,0.453,0.723937905390439,1473.42258601565,454.295028701529,1467.9667,460.23291,0.35740917930591,0,0.525415364572678,-0.168006185266768,-0.10028072619539,0.800000000000001
2010,5,461.412992735956,456.954300834494,453.281452379595,453.571292097287,466.469962007002,787.934110535003,1.952795,2.057852,7.99,10.4,21.2608249398827,0.37,0.263,0.68057080598409,1473.60450782113,454.333515834428,1468.0782,460.30087,0,0,0,0,0,0
2010,6,462.301010411642,457.057874121847,453.35667671284,453.699840588476,463.866105334451,787.916104508405,1.872044,2.095515,7.79,10.3,20.6282194238798,0.32,0.432,0.693537715320959,1475.04847288917,454.45236178911,1469.0023,460.4166,-0.411591750667427,-0,-2.35654755602867,1.94495580536125,0.687814364196093,0.4
2010,7,460.716818865076,456.642935767166,453.496229094459,453.84960527201,465.688369207434,788.964564381553,1.576019,1.772324,6.57,10.2,26.7657920620853,0.29,0.506,0.700363757021291,1474.13134721638,454.676567565083,1468.605,460.60251,0,4.74307696654622,1.13493138702482,3.60814557952141,0.576790905550251,5.60000000000001
2010,8,460.416968565451,457.471097850338,453.592728324593,453.977796722104,465.318957699772,790.552737547417,1.640514,1.834379,6.83,10.2,23.9331811510734,0.26,0.476,0.663630676458949,1474.18156694993,454.833298616363,1468.5728,460.73541,0,0,0,0,0,0
2010,9,461.512051684126,457.677071146639,453.699840588476,454.063166485052,465.703466721738,792.518929046164,1.622464,1.82027,5.91,10.2,30.7558226456571,0.26,0.708,0.663377945779946,1475.0815278883,454.917514999327,1469.0634,460.81241,-0,-1.43547550167359,-0.514551211286303,-0.920924290387289,-0.118663756991477,-0.900000000000001
2010,10,462.595272517062,458.496747867057,453.870981928782,454.19108463489,469.714024835103,794.367952886917,1.477988,1.645783,5.52,10.3,32.8871999276643,0.23,0.865,0.653606099475135,1475.7139790926,454.965910599752,1469.615,460.86893,-0.427720219864889,-0,-0.473201286851473,0.0454810669865847,0.0691707954803,-0.800000000000001
2010,11,462.595272517062,459.410923862867,454.063166485052,454.308199367467,468.335732700831,794.081363337743,1.663229,1.973247,6.53,10.2,26.5129667981269,0.25,0.695,0.662908902944158,1475.41764392502,455.010372695402,1469.2532,460.91666,0,0,0,0,0,0
2010,12,462.399194022868,460.216567696779,454.39328765169,454.425177101867,465.739824334857,794.646868450512,1.615588,2.000497,6.03,10.2,28.2845394560254,0.29,0.603,0.713426234411493,1474.16315562562,455.079447268923,1469.1028,460.96307,-0,-2.84903630212545,-0.862543826925234,-1.98649247520022,-0.287375382852861,-2
2011,1,463.472898822964,459.612944133594,454.881145231871,454.616300540806,465.841138198288,797.27049529441,1.437357,1.851357,5.28,10.2,31.5905031395521,0.27,0.963,0.764268341390233,1475.8330439298,455.166524116443,1469.8125,461.03992,3.87232205042792,0,2.41712164178049,1.45520040864743,-0.0161646733454646,6.10000000000001
2011,2,464.535197562092,460.616968632117,455.124184396254,454.785881927498,466.971651959514,801.159836315472,1.358222,1.772731,5.01,10.1,32.1576124099337,0.29,1.115,0.814543261886008,1476.21745611082,455.229965404699,1470.3721,461.09464,0,0,0,0,0,0
2011,3,464.150211523548,460.716818865076,455.503411649429,454.912879510447,468.671422763403,796.913703277773,1.326694,1.703936,5.16,10.1,34.9458971318425,0.26,1.275,0.81838316980608,1475.754404124,455.327243617775,1470.1472,461.21106,13.529994962471,0,8.75450975345151,4.77548520901951,-0.157459333306953,16.3
2011,4,463.957161270542,460.316818331742,455.839299442916,455.113629749561,470.720768654184,798.859717197184,1.24726,1.598697,4.99,10,39.3460000980732,0.25,1.357,0.767023964857761,1476.22434369075,455.41436233576,1470.0768,461.32834,0,1.30149126641558,-0.251646609322829,1.55313787573841,0.342264608402143,0.499999999999989
2011,5,464.439089914137,460.916220725763,455.891680147063,455.250753340479,469.573000978703,796.754648663341,1.279659,1.689236,5.05,10.1,36.2975056487212,0.19,1.371,0.717778807351239,1476.06839282687,455.502171205327,1470.0104,461.41977,0,0,0,0,0,0
2011,6,462.595272517062,459.511985013459,455.923095404665,455.345575030141,469.571813526059,792.537657716532,1.49432,1.931311,5.61,10.1,37.3148506631621,0.18,1.441,0.714328739722362,1475.53158738495,455.584166419602,1470.1757,461.49078,-2.27356086189612,-0,-2.02219538385252,-0.251365478043596,0.206542270286469,-3.65000000000002
2011,7,464.150211523548,460.517018598809,456.153172895826,455.513925238253,468.368002711407,791.697554097973,1.625186,2.280598,5.96,10.2,36.3809432839332,0.19,1.12,0.697290180165836,1476.06892081129,455.70304494372,1470.0825,461.58301,0,1.23311592801363,-1.22132865826311,2.45444458627675,0.645466470627998,1.4
2011,8,464.053732982538,460.616968632117,456.299310708891,455.702981066016,467.758851721649,773.945166685125,2.456917,3.170042,8.27,10.3,36.5059693473126,0.11,0.639,0.618467324576926,1476.12891821316,455.823858257764,1470.2112,461.70087,0,0,0,0,0,0
2011,9,462.69316777696,459.612944133594,456.538931597625,455.860255017176,466.689161785312,766.120387619218,2.727327,3.827761,9.88,10.4,29.6319660847366,0.1,0.377,0.654225784352151,1476.01902757694,455.937410692351,1470.1796,461.84558,-0,-0.588085370697904,0.697945942512255,-1.28603131321016,-0.345565513869506,-2.9
2011,10,462.497281328427,459.309760475382,456.767598156051,456.038200319796,466.937802745717,774.599758993699,2.245333,3.390438,8.11,10.5,33.2679338382512,0.11,0.389,0.669997963981038,1475.61774583873,456.041400864909,1469.6763,461.99994,14.7231095839193,0,11.6783305877216,3.0447789961977,-0.874495698297029,12.05
2011,11,462.69316777696,459.612944133594,456.985384086052,456.205389491446,466.131419660613,771.404371657122,2.762223,4.990886,9.93,10.7,29.661703650936,0.11,-0.024,0.597972541943944,1475.95169340937,456.143417195754,1469.8365,462.11685,0,0,0,0,0,0
2011,12,462.301010411642,459.005654817804,457.078575912626,456.320170116559,464.264610864856,773.337494171878,2.707623,4.408968,10.42,10.8,26.028518159483,0.12,-0.081,0.576356408798609,1475.50101955415,456.262043168736,1469.8516,462.19617,-0,-0.762505082918404,3.02816803518923,-3.79067311810764,-1.14186082996621,-0.35
2012,1,461.412992735956,458.292457704077,457.532934397707,456.507709242165,462.293544514091,777.572341535959,2.299576,3.412422,8.64,10.8,26.6432899412607,0.12,0.076,0.584979013940949,1476.03643088264,456.425109031884,1470.0179,462.30215,-0,-0.343522912084788,2.40927730748218,-2.75280021956697,-0.855914502238875,0.05
2012,2,460.316818331742,458.904080405821,457.831273181821,456.715674378988,463.527447049509,782.733790661707,1.941864,2.976262,7.45,11,28.9605222013629,0.16,0.119,0.625969428076961,1474.11071962601,456.53239878146,1469.1167,462.39117,0,0,0,0,0,0
2012,3,461.808641125464,458.700621536042,458.149205863351,456.860993067629,463.888732066,783.683721350033,1.845776,2.796502,7.23,11.2,28.7732071201823,0.19,0.118,0.634304022937811,1476.15909210121,456.627964884689,1469.7023,462.50418,-0,-0.34645319776194,0.512900883156443,-0.859354080918382,-0.23682095091635,-0.3
2012,4,460.716818865076,457.98523780038,458.404868936598,457.016457678928,463.259564631193,775.823893077128,1.97011,3.025433,7.73,11.3,27.9826296486197,0.18,0.025,0.60995180737587,1475.08097265889,456.702688992728,1469.0621,462.63345,0.0232853243042511,0,0.631694343267378,-0.608409018963127,-0.201766452683749,0.700000000000001
2012,5,461.115225766564,458.802402715312,458.292457704077,457.068225552942,461.381867971991,769.553199867218,2.249454,3.55404,8.77,11.3,21.2203931275824,0.19,0.008,0.545640828064697,1475.33628076261,456.739427663093,1469.3563,462.6817,0,0,0,0,0,0
2012,6,460.517018598809,457.882621064849,458.292457704077,457.285358451155,460.320425481112,767.449905096296,2.809789,3.624914,8.2,11.4,23.6494035682348,0.19,0.035,0.558232598897308,1475.13533942433,456.854385876104,1469.5156,462.76431,2.61968493312693,0,3.50072609921819,-0.881041166091266,-0.620527275185268,3.2
2012,7,460.916220725763,458.190155904874,458.496747867057,457.398906850452,458.295013908625,772.239323524941,2.544972,3.615994,8.14,11.5,20.8232938578456,0.19,-0.056,0.477941837606989,1474.96217990136,457.000910061733,1469.0868,462.85455,-0,-10.7824184386817,-1.82100583008059,-8.96141260860114,-1.55924455878518,-7.5
2012,8,461.808641125464,458.904080405821,458.853254483507,457.491714281707,458.351847018098,779.33809677559,2.268135,3.304182,7.38,11.6,22.9364163127266,0.18,-0.015,0.500610881275932,1475.17793792371,457.133247259903,1469.2782,462.97552,0,0,0,0,0,0
2012,9,460.116216459055,457.057874121847,459.117267634424,457.656492897776,460.612473026571,783.624687666174,2.23856,2.919942,6.92,11.7,25.1225535441166,0.18,-0.018,0.500412420063006,1475.01930832251,457.247315390644,1469.0477,463.12857,0,0.121800111158299,-3.46003375814825,3.58183386930655,1.15497068951793,0
2012,10,459.107126160859,456.226268497682,459.249013283072,457.862085075455,461.469864568792,782.543256913992,2.006884,2.669252,6.46,11.8,25.912826503372,0.18,-0.005,0.482616766957525,1474.52049592271,457.315101213037,1468.6401,463.26877,0.253335493327939,0,0.452333732317215,-0.198998238989277,-0.0971934466925006,0.25
2012,11,458.292457704077,455.492896955134,459.178094886908,457.964722875701,460.873283222083,782.96237065503,1.930039,2.439408,6.05,11.9,26.3133199530368,0.18,-0.003,0.497639151548155,1474.58369201615,457.382315149579,1468.8064,463.36185,0,0,0,0,0,0
2012,12,458.904080405821,456.017282005736,459.279391492004,458.159444945939,462.548542697346,787.304704802855,1.850632,2.346395,5.55,12,27.6570567697062,0.16,0,0.495314983046623,1474.82945748666,457.53940418287,1468.5547,463.49658,-0,-1.15267682105602,-0.650639575456978,-0.502037245599043,-0.0176918314198637,-1.55
2013,1,457.779898919196,455.597994179732,459.522085513442,458.27200571505,464.46475969609,790.66593807753,1.882813,2.280779,5.4,12.1,30.6307536574946,0.15,0.143,0.486653242488734,1474.44104683957,457.743806713036,1467.9626,463.63666,0,1.47683331381099,-0.113904463078152,1.59073777688914,0.332287413595012,2.35
2013,2,458.292457704077,455.807857845424,459.653299259243,458.282232232418,466.026898026708,787.489021641855,1.923793,2.415385,5.35,12.1,26.842279751297,0.16,0.008,0.456068540152671,1474.35497703465,457.897208156083,1468.0897,463.76028,0,0,0,0,0,0
2013,3,459.005654817804,456.85062016165,459.774267015929,458.496747867057,464.510410628714,789.363886231926,1.867722,2.553723,5.42,12.1,24.8109297331958,0.15,0.008,0.437024210769393,1473.98168872347,458.03128106228,1469.0129,463.8941,1.32290034720052,0,0.994358177938369,0.328542169262155,-0.0606149648268328,2.3
2013,4,459.309760475382,457.057874121847,459.693638106099,458.527355427363,464.789149566684,787.714948787423,1.611449,2.134251,4.72,12.1,27.5204550940668,0.12,0.003,0.446923301534978,1474.70012794851,458.09079680718,1468.5907,463.97104,-0,-0.469668783580875,2.24092926120966,-2.71059804479054,-0.826106968306117,-0.599999999999999
2013,5,459.005654817804,457.264699428253,459.73396068729,458.710804316968,465.176174451828,793.227927222601,1.508306,2.0299,4.81,12.1,26.1440761246554,0.12,0.001,0.464539626699213,1474.75284942386,458.158431405266,1469.2268,464.05246,0,0,0,0,0,0
2013,6,459.713801429083,457.264699428253,459.874961818517,458.863421734799,466.076382064386,788.448625802971,1.758365,2.224063,5.42,12.1,26.3133199530368,0.14,0.086,0.474006927375854,1474.94065214202,458.229058826745,1468.8002,464.13763,1.76490355563725,0,3.34520486030793,-1.58030130467068,-0.740490336627264,2.95
2013,7,459.208494643944,456.434819146784,460.025814162707,458.934563564112,466.211935571579,789.600623539327,1.680339,2.161909,5.05,12.1,28.3824642124476,0.12,0.05,0.457437548058443,1475.15746395656,458.290839477985,1468.9905,464.18954,-2.20607417844277,-0,-6.26160777435319,4.05553359591042,1.60533889301364,-2.9
2013,8,459.814557105113,456.85062016165,460.106175794355,458.965037433005,466.926360808378,793.874846639443,1.619947,2.067286,4.96,12,27.7328660372289,0.13,0.102,0.469662777378362,1474.97071721225,458.323150326527,1469.1785,464.24466,0,0,0,0,0,0
2013,9,459.814557105113,457.057874121847,460.16640466588,458.965037433005,466.456581761125,796.016853858889,1.676582,2.118966,4.91,12.1,30.2693830072219,0.12,0.091,0.469732931479868,1475.18038759525,458.321656529318,1469.186,464.30554,-0.712749512301216,-0,-0.801906697288923,0.0891571849877075,0.119633884026715,-0.700000000000001
2013,10,459.410923862867,456.538931597625,459.99566189352,458.934563564112,467.538351241684,800.265468341834,1.562026,1.941597,4.45,12,30.7043425930401,0.12,0.062,0.473202279864803,1475.18384419841,458.283204199615,1469.2001,464.35278,-0,-0.114481910447092,0.546197338843136,-0.660679249290228,-0.201354070967952,0
2013,11,460.517018598809,457.882621064849,460.005713660127,459.036107033438,467.058145117376,802.4856227494,1.513431,1.830471,4.22,12,30.7925778928823,0.12,0.079,0.474385829544781,1475.45635690152,458.344131078745,1469.6104,464.42798,0,0,0,0,0,0
2013,12,460.416968565451,457.779898919196,460.196505503914,459.178094886908,468.205807630062,800.976120275117,1.394498,1.673755,3.6,11.9,32.056060101772,0.13,0.137,0.482919557368759,1475.52276452973,458.510522315328,1469.3184,464.53641,1.19833252505107,0,1.79220755241175,-0.593875027360679,-0.346216518112818,1.45
2014,1,460.015764416455,457.367951889672,460.296776243289,459.299638505638,467.780800656981,803.670338185565,1.451603,1.725334,3.72,12,30.0104592450338,0.12,0.057,0.461082883364176,1475.80777039228,458.757760384456,1469.5437,464.66055,-0,-0.952214353000481,0.492743186097779,-1.44495753909826,-0.351263273130797,-0.899999999999998
2014,2,460.316818331742,458.087749341905,460.356890462112,459.360354961663,467.704330557527,803.458735082842,1.345367,1.523876,3.22,12,32.2518187287238,0.12,0.111,0.451815284264666,1475.88471762535,458.911162692855,1469.8809,464.74109,0,0,0,0,0,0
2014,3,459.915211366253,457.574137529728,460.306797789622,459.350238112041,468.485713808042,803.720933295038,1.339385,1.476156,3.13,11.8,32.0415442068416,0.13,0.14,0.475267779538666,1475.66460448404,458.963924690893,1469.7007,464.77975,3.74972433620521,0,3.27216612530024,0.47755821090497,-0.320062253482334,2.7
2014,4,460.816569496789,459.107126160859,460.356890462112,459.410923862867,468.173022080601,806.196990476387,1.231561,1.389507,3.1,11.7,32.7143141332695,0.11,0.143,0.476793471348289,1475.87681668496,458.959171707477,1469.8868,464.80734,0,1.92547691871848,-1.25260749270968,3.17808441142816,0.794019096892917,1.35
2014,5,459.107126160859,458.292457704077,460.266705576997,459.319881420687,467.39291634573,807.009285195036,1.238427,1.396145,3.22,11.7,31.042155942127,0.1,0.064,0.443506263646566,1475.98756830177,458.942659479715,1469.8347,464.81152,0,0,0,0,0,0
2014,6,459.511985013459,457.779898919196,460.346873934833,459.380585590904,466.53203423224,809.306191939268,1.197113,1.36101,3.26,11.5,31.4080546306312,0.1,0.01,0.491474455187972,1476.19871996445,458.98413584447,1469.983,464.85004,-2.0097965593646,-0,-3.55012019855663,1.54032363919203,0.758521647014021,0.5
2014,7,460.116216459055,458.598736657132,460.346873934833,459.410923862867,466.039389616194,806.849960176927,1.170584,1.33281,3.56,11.6,29.1923066709035,0.11,0.008,0.479215219134445,1476.08703119005,459.058301618444,1470.0717,464.89188,-0.667090302246482,-0,-1.88098322879724,1.21389292655076,0.481366345706569,-0.55
2014,8,458.802402715312,456.85062016165,460.396946541157,459.532184993328,465.375175697491,803.562033601318,1.138925,1.230374,3.55,11.5,27.3836665629728,0.11,-0.029,0.431863286461803,1476.8090443234,459.164444541775,1470.5194,464.99368,0,0,0,0,0,0
2014,9,459.309760475382,457.882621064849,460.487014097909,459.612944133594,463.912900269077,808.128262830612,1.12458,1.238885,3.96,11.5,23.3331477701699,0.11,-0.077,0.438303386444787,1476.48259384278,459.265820787666,1470.5469,465.15735,-5.984623631974,-0,-6.70196696193162,0.717343329957624,0.994292288364384,-2.8
2014,10,459.208494643944,457.574137529728,460.386934025504,459.602852807081,463.222293808609,801.617759163116,1.141927,1.307053,4,11.6,22.5540675913931,0.1,-0.069,0.390780215517577,1476.66927937385,459.359142595546,1470.4818,465.35947,0.242906826677443,0,5.07918178658477,-4.83627495990732,-1.6111924196748,0
2014,11,458.904080405821,457.264699428253,460.316818331742,459.693638106099,463.277367980118,804.755586307413,1.075455,1.187079,3.78,11.6,21.8171209687652,0.13,-0.08,0.401650389508136,1476.84246758249,459.48845062273,1470.5548,465.50735,0,0,0,0,0,0
2014,12,460.416968565451,458.598736657132,460.035862899087,459.774267015929,463.202728365791,805.825606986647,1.095379,1.260096,4.09,11.4,19.070300082187,0.21,-0.094,0.392892218706676,1477.14613191458,459.630596180044,1471.0515,465.60669,0.627482536337597,0,5.3776809914701,-4.75019845513251,-1.63189595075242,0.9
2015,1,460.015764416455,458.292457704077,459.895088617417,459.985609116432,458.389036818304,807.31717701922,1.06109,1.229378,4.06,11.3,12.1332285167525,0.2,-0.168,0.349745053614243,1477.55882227375,459.843094766177,1471.6442,465.64377,-1.02891103938744,-0,-2.11164824171775,1.08273720233032,0.484450069633269,-1.35
2015,2,459.915211366253,460.816569496789,460.236625865536,460.186472897936,456.237854465313,814.722621277487,0.9675086,1.146939,3.75,11.3,11.3060792284014,0.22,-0.21,0.358099431468995,1477.23298214508,460.043633490534,1471.6016,465.79221,0,0,0,0,0,0
2015,3,460.517018598809,460.916220725763,460.426978074493,460.196505503914,453.327668316317,820.393517168218,1.078367,1.216447,3.99,11.2,7.14831016218643,0.25,-0.244,0.329686709535947,1477.80589724795,460.169339360053,1471.1598,465.89267,-0,-0.480805208187661,-0.092337261644962,-0.388467946542699,-0.0658903807275735,-0.2
2015,4,461.015772749913,460.416968565451,460.537016599076,460.296776243289,452.452938282443,822.51820018445,1.026325,1.191001,3.84,11.1,10.9930059372196,0.23,-0.279,0.355945232039563,1477.90619732658,460.244072202373,1471.7885,465.97369,0,0.494069782093483,-0.154956386440454,0.649026168533937,0.149348759673984,0.735
2015,5,460.916220725763,460.716818865076,460.716818865076,460.396946541157,454.208980125274,819.36392689044,1.097152,1.241342,3.86,11.1,9.47645764444229,0.24,-0.251,0.345549139609499,1478.060624078,460.370904860791,1471.8325,466.08276,0,0,0,0,0,0
2015,6,460.616968632117,461.015772749913,460.766706618668,460.467006094641,454.98561878144,816.67203460692,1.31957,1.553932,4.4,11,10.9213084973316,0.28,-0.26,0.369528318305357,1477.96483212289,460.497597993476,1472.0908,466.12494,-0,-0.31253210709904,0.787155981242897,-1.09968808834194,-0.319661970526575,0.325
2015,7,461.115225766564,461.512051684126,460.686874262367,460.457000591606,453.977369690126,817.332097032207,1.216921,1.393966,4.29,10.8,9.78524001675046,0.3,-0.246,0.370894893122481,1478.26237420661,460.635404396636,1472.3905,466.14853,-0.0951727868366999,-0,-0.227743973245164,0.132571186408464,0.0554046727915036,0.135000000000002
2015,8,459.915211366253,460.216567696779,460.606978123093,460.636946656357,455.643257043796,814.450671574587,1.284969,1.416382,4.65,10.7,11.2792827475122,0.38,-0.287,0.380804097838273,1478.3138038553,460.760824943913,1472.1539,466.23389,0,0,0,0,0,0
2015,9,460.416968565451,460.716818865076,460.557010600942,460.766706618668,456.64958835253,806.005391639779,1.570079,1.590358,5.55,10.6,10.9930059372196,0.37,-0.296,0.373041921446508,1478.66294218083,460.819999452033,1472.2036,466.36603,-0.389458842387816,-0,-3.18677893173556,2.79732008934774,0.963531198367384,-0.390000000000001
2015,10,461.015772749913,460.816569496789,460.636946656357,460.916220725763,456.421380743871,809.421930532679,1.384107,1.44016,4.9,10.6,9.91210908678072,0.26,-0.374,0.352576309123141,1478.85704848946,460.867004024277,1472.3837,466.6124,-2.44888982966458,-0,-7.63906168919959,5.19017185953501,2.00693573812121,-2.945
2015,11,460.517018598809,460.316818331742,460.666906211183,460.956053428938,453.361188373873,814.310212050844,1.332342,1.372514,4.66,10.5,5.46775612906958,0.48,-0.386,0.433313115455999,1478.84899617414,460.927361206142,1472.6044,466.7464,0,0,0,0,0,0
2015,12,460.216567696779,460.517018598809,460.467006094641,460.936139060656,454.766288776565,809.822755997265,1.397994,1.460158,5.35,10.5,8.24091362407178,0.65,-0.389,0.468189713818904,1478.94437858755,460.993099279284,1473.0229,466.8028,9.5759581438616,0,17.0122725572869,-7.43631441342529,-3.64585351797242,9.88
2016,1,462.888671260541,463.375764284,460.216567696779,460.946096740525,455.875864066056,801.648448528713,1.60545253753662,1.64290595054626,5.71,10.4,7.99196231758734,0.54,-0.469,0.382438378926374,1479.63002235036,461.088977321377,1473.1432,466.80984,-2.61723469081534,-0,-2.82654277378755,0.209308082972204,0.400713909185058,-3.62
2016,2,462.005879848184,461.512051684126,460.146332405676,461.005822006087,457.471304035693,795.948128494776,1.64136970043182,1.82296752929688,6.08,10.4,8.32375985700556,0.53,-0.515,0.365388773311352,1479.36223485185,461.171784173342,1473.0157,466.80624,0,0,0,0,0,0
2016,3,461.709875685336,460.816569496789,460.346873934833,461.125165630396,456.911597417364,801.678594076972,1.26591217517853,1.59671866893768,5.05,10.3,13.0150684465045,0.66,-0.483,0.440567914269773,1479.26062994929,461.242866557461,1473.2462,466.82739,0,4.92957954384536,0.906696877180258,4.0228826666651,0.688633760156954,5.7
2016,4,462.986279857846,462.202730305451,460.356890462112,461.125165630396,457.793464288883,801.670854826247,1.1796692609787,1.44022953510284,4.55,10.3,13.4618301724761,0.56,-0.522,0.410382160976247,1479.59505412045,461.254016481482,1473.46,466.78033,0.00349086199115816,0,0.763130412089996,-0.759639550098838,-0.248670697023989,0.2
2016,5,461.214579972452,460.816569496789,460.596986615866,461.214579972452,457.625514648684,800.092052608523,1.25630867481232,1.47989439964294,4.6,10.2,10.7508207715285,0.59,-0.552,0.400136543472269,1479.66723185636,461.313570258342,1473.6343,466.81125,0,0,0,0,0,0
2016,6,461.611012602643,461.709875685336,460.816569496789,461.284069229231,457.120587372232,797.618406098819,1.39962017536163,1.76079440116882,4.82,10.1,9.8215047496955,0.55,-0.638,0.301695404529374,1479.79831628951,461.400650082575,1473.5708,466.8519,-0,-0.249674235353572,1.22964489513741,-1.47931913049098,-0.451695280376896,-0.2
2016,7,461.709875685336,461.611012602643,460.836507688461,461.412992735956,457.661329166914,797.902360583781,1.20414793491364,1.61097133159637,4.3,10,11.0467453025971,0.51,-0.621,0.273006658373207,1480.04956597784,461.490275304679,1473.7025,466.88629,0,2.28056732407,0.572542633897735,1.70802469017227,0.268560697187237,2.625
2016,8,462.888671260541,461.709875685336,460.816569496789,461.512051684126,458.37759527589,800.398700302008,1.12409484386444,1.53611767292023,3.86,9.9,10.8495596153299,0.57,-0.625,0.301554585312384,1480.27622230993,461.566054056264,1474.1466,466.9761,0,0,0,0,0,0
2016,9,462.104353514438,461.907309115708,460.946096740525,461.531851703991,458.468172356076,801.03903321391,1.24551129341125,1.74800360202789,4.16,9.9,11.6715799695961,0.59,-0.681,0.29959118125266,1480.06436719501,461.622322173856,1474.118,467.14377,1.1601285458034,0,2.87226099232693,-1.71213244652353,-0.706778671544051,1.375
2016,10,462.399194022868,462.986279857846,461.154979295213,461.591228251999,458.982809568882,802.037973706665,1.12878394126892,1.578608751297,3.76,9.8,9.1849653629879,0.66,-0.713,0.35031395728537,1480.76209520902,461.640668130189,1474.163,467.36459,-0.251332762809443,-0,-0.456147658381647,0.204814895572204,0.098839863016309,-0.2
2016,11,463.181211693451,463.278535302106,461.264220082679,461.739515561066,457.75594949451,801.512771857299,1.3646103143692,1.87056374549866,4.23,9.8,5.61912796497426,0.74,-0.821,0.36697470887095,1480.80404232305,461.673734790652,1474.4747,467.50134,0,0,0,0,0,0
2016,12,463.083793273667,462.986279857846,461.571439986376,461.88758330442,456.37542651285,807.317576113177,1.32060933113098,1.62814676761627,3.78,9.7,5.37303224209677,0.87,-0.852,0.388136307783696,1481.12598808095,461.761820484829,1474.8107,467.54288,0,0.00596172755270572,-2.32548247225866,2.33144419981136,0.761089152288008,0.484999999999996
2017,1,462.595272517062,462.595272517062,461.907309115708,461.996027146073,456.883602273821,810.130482944444,1.2390251159668,1.62383925914764,3.52,9.6,7.64053312024053,0.83,-0.691,0.400539101708602,1480.8725365631,461.860295839119,NaN,NaN,-0.181718680304786,-0,-1.19438912016659,1.0126704398618,0.353983744241937,0
2017,2,463.957161270542,463.472898822964,462.094510510345,462.222394055392,456.294408116618,809.95837687318,1.38920879364014,1.75179004669189,3.51,9.5,5.99655811674341,0.82,-0.915,0.39599275685093,1481.92106666448,462.01260223827,NaN,NaN,0,0,0,0,0,0
2017,3,464.150211523548,463.181211693451,461.986173473108,462.18306268812,457.001232824894,813.947086865663,1.24158418178558,1.62854373455048,3.57,9.4,6.74717151150127,1.01,-0.762,0.487715304347369,1481.95092236604,462.123876021092,NaN,NaN,0,0.0225421199413701,-1.18794351470052,1.21048563464189,0.392688205950087,0.640000000000002
2017,4,465.014355163082,463.957161270542,462.163391201876,462.350114267281,456.648548915239,815.818240723986,1.17732393741608,1.49581098556519,3.3,9.2,8.57188754025374,1.04,-0.769,0.48102810873054,1482.18770497651,462.316430503101,NaN,NaN,-0.483719579970652,-0,-0.372986950811573,-0.110732629159079,0.0252352487292384,-0.330000000000003
2017,5,465.300751540225,464.342889810518,462.035432131313,462.340295424915,458.952950576229,818.920898929105,1.13823974132538,1.47195255756378,3.03,9.2,11.6537816247951,1.12,-0.781,0.547796308357891,1482.4276158484,462.416832283932,NaN,NaN,0,0,0,0,0,0
2017,6,465.109911787649,463.957161270542,462.005879848184,462.399194022868,460.213658928296,817.409689607989,1.02938330173492,1.19241142272949,2.88,9.1,13.1992709458497,1.2,-0.687,0.649639263927851,1482.57860025592,462.50544390054,NaN,NaN,-0,-0.336749938572662,0.31431698855648,-0.651066927129141,-0.169991000363723,-0.235000252723694
2017,7,465.586330030361,465.396035015752,462.08466653731,462.556087563583,461.765690145694,815.590591271047,0.989065527915955,1.1351592540741,2.68,9,16.7715404404593,1.22,-0.694,0.645913858801701,1482.86066317632,462.579389064348,NaN,NaN,-1.24522860707372,-0,-0.932901379525732,-0.312327227547984,0.0560513035871679,-0.845000147819519
2017,8,466.62652853479,465.965837127216,462.261709959181,462.683382562412,463.824029210869,814.651833297469,1.09172773361206,1.23187637329102,2.73,9,17.3448978290356,1.23,-0.757,0.61507046681579,1482.95839113006,462.677767497264,NaN,NaN,0,0,0,0,0,0
2017,9,465.776263610726,465.586330030361,462.477671562701,462.810515727059,463.899753491082,816.255115115645,1.04070484638214,1.17146146297455,2.62,8.9,16.6615526972337,1.28,-0.741,0.714311729166283,1483.44500002347,462.795809398861,NaN,NaN,-0.19173369494464,-0,-0.290592325958769,0.0988586310141292,0.0566490534406938,-0.499999523162842
2017,10,465.681341913993,465.396035015752,462.516887249478,462.790967295758,463.490858375188,819.277673100809,0.997998714447021,1.15370583534241,2.39,8.8,15.2549398460285,1.4,-0.774,0.767905196485026,1483.49669933769,462.881074124116,NaN,NaN,-0.0382450467195925,-0,-1.24748915298637,1.20924410626678,0.400000844215143,0.00500082969665527
2017,11,467.37629774537,467.562864963665,462.820288509866,462.966765758848,463.5341422013,818.908662876222,0.995551228523254,1.11004602909088,2.73,8.7,17.3785225771668,1.56,-0.744,0.866050032217679,1484.14212694875,463.036917242625,NaN,NaN,0,0,0,0,0,0
2017,12,468.02776584749,468.213122712422,462.927726133132,463.083793273667,463.911643666476,817.882263813154,0.946650266647339,1.09839475154877,2.79,8.7,18.4153211622925,1.7,-0.688,0.906072493839518,1484.25103317888,463.172314227903,NaN,NaN,-0.317429695492697,-0,-0.801897992652728,0.484468297160031,0.198614748025783,-0.0200003385543823
2018,1,466.15505194242,466.249525260736,463.200683994165,463.190948317771,465.071700094406,819.206226234586,0.805371165275574,0.936352670192719,2.56,8.7,21.7366898536755,1.8,-0.627,1.00109306921223,1484.22255985093,463.351926626645,NaN,NaN,-0,-0.195375859618271,1.73759277311047,-1.93296863272874,-0.606828780520452,-0.145000219345093
2018,2,465.965837127216,465.586330030361,463.220152503912,463.239617224168,465.536697943815,813.935598372301,0.893418490886688,1.03848016262054,2.86,8.6,19.9752091856839,1.96,-0.683,1.07377340730777,1483.85980518946,463.452161521338,NaN,NaN,0,0,0,0,0,0
2018,3,467.282883446191,465.776263610726,463.356326048931,463.48260708956,465.646768036682,812.394160368995,1.01206040382385,1.16478323936462,3.15,8.5,20.8638865111328,2.06,-0.694,1.14841776394105,1484.01027070237,463.562066078773,NaN,NaN,0,0.0131945619464521,-2.02027736930356,2.03347193125001,0.662802364929327,-0.145000219345093
2018,4,467.095792652609,465.491227788291,463.492314413744,463.550538578416,465.508352868012,814.833527842718,0.949849903583527,1.1096853017807,3.02,8.4,18.8469287380189,2.15,-0.66,1.16916471607596,1484.48214911002,463.650017072787,NaN,NaN,-0,-0.263878971730041,0.2154198602939,-0.479298832023941,-0.123114981463424,-0.15999972820282
2018,5,467.46962486367,466.814498514948,463.879836696808,463.734691768331,463.730431001664,817.105867293176,1.2372350692749,1.5744868516922,3.7,8.3,15.4436353304419,2.27,-0.675,1.16576871035906,1484.40079550484,463.779178008343,NaN,NaN,0,0,0,0,0,0
2018,6,467.282883446191,466.62652853479,464.024771260079,463.802452285904,463.069952159884,814.403107797204,1.27608370780945,1.56979870796204,3.88,8.2,15.5036002099532,2.33,-0.671,1.23555104833332,1484.72083393867,463.896713426758,NaN,NaN,-0.823127075801339,-0,-4.30054023851083,3.47741316270949,1.24082942656702,-0.789999961853027
2018,7,466.15505194242,465.396035015752,464.179136944374,463.89917344636,463.68529446287,814.928010689609,1.15075695514679,1.37168228626251,3.51,8.1,15.7516437874984,2.39,-0.66,1.28326546766235,1484.69685215937,464.027745133327,NaN,NaN,-0.172847510357347,-0,-0.827572283967842,0.654724773610495,0.235891422414625,0
2018,8,466.720557690754,466.532410880784,464.294755032212,463.966822639566,463.184716987419,814.23042319549,1.32989060878754,1.56426668167114,3.67,8,14.8075118065363,2.45,-0.649,1.30930355226688,1484.39936806168,464.172145564537,NaN,NaN,0,0,0,0,0,0
2018,9,466.62652853479,465.965837127216,464.554408012636,464.121277733502,463.536082741216,812.125066922607,1.22979390621185,1.41144442558289,3.55,8,15.0314760658868,2.56,-0.62,1.38649997498676,1484.72719078155,464.369038286135,NaN,NaN,-0,-0.277254561460573,0.40260594750723,-0.679860508967804,-0.186954190537492,-0.12499988079071
2018,10,466.532410880784,465.965837127216,464.775063352321,464.169496067046,462.666256132619,808.473188299567,1.44018375873566,1.65043640136719,4.13,8,12.5045488974224,2.65,-0.694,1.40608234522855,1484.78120625538,464.546958247038,NaN,NaN,-0,-0.0623451457798611,1.79447616148411,-1.85682130726397,-0.598837432179167,-0.119999051094055
2018,11,465.681341913993,464.631212931927,464.755895247988,464.150211523548,462.016125628705,806.664825581848,1.56045806407928,1.76775586605072,4.8,7.9,12.4250962337857,2.7,-0.667,1.4301918767367,1484.98818592414,464.713338827013,NaN,NaN,0,0,0,0,0,0
2018,12,466.438204561994,464.918707140487,464.448704836504,464.188776892325,462.437557615014,802.546370361012,1.60472142696381,1.7029629945755,5.06,7.8,13.5928517224244,2.66,-0.646,1.40216346090846,1485.66451555228,464.817360179857,NaN,NaN,-0.259278180436414,-0,-0.527462778493106,0.268184598056691,0.120556037672337,-0.225001573562622
2019,1,466.249525260736,465.681341913993,464.46793190828,464.304383841617,462.004894621656,803.549080579186,1.48659956455231,1.56978845596313,4.49,7.8,13.575392097762,2.58,-0.541,1.36689840458225,1485.15058620979,464.941275415945,NaN,NaN,-0,-0.537614065885644,1.54070927703824,-2.07832334292389,-0.61087131377473,-0.314998626708984
2019,2,467.095792652609,465.586330030361,464.602417999636,464.38138095803,461.618134010785,807.808987971186,1.36587524414062,1.4469039440155,3.97,7.8,12.9184458380826,2.55,-0.558,1.36791536551505,1486.2668839463,465.087334570688,NaN,NaN,0,0,0,0,0,0
2019,3,467.37629774537,465.681341913993,464.784646026853,464.496765586216,461.08003070703,811.158469302818,1.40925514698029,1.41919386386871,3.92,7.7,11.582556550559,2.49,-0.582,1.29092177258244,1486.01214675727,465.226414258834,NaN,NaN,-0,-0.76096708686394,0.641556485960834,-1.40252357282477,-0.361680374541073,-0.745001435279846
2019,4,467.095792652609,464.631212931927,465.109911787649,464.775063352321,460.920403905199,814.866681009451,1.28856658935547,1.29745399951935,3.65,7.7,11.3417967035557,2.42,-0.566,1.29094071939217,1485.83378074252,465.390008068702,NaN,NaN,-0.494673054017876,-0,-0.424668943236256,-0.0700041107816203,0.0399349047151887,-0.489997863769531
2019,5,467.002115830771,465.776263610726,465.176747136487,464.746309817834,461.236226090285,812.723092092005,1.47410154342651,1.50993025302887,4.32,7.6,10.8764714791389,2.34,-0.63,1.21614891732113,1486.01632847241,465.485381025577,NaN,NaN,0,0,0,0,0,0
2019,6,465.681341913993,464.535197562092,465.224459337402,464.947411154462,461.824237145154,813.328020875128,1.47612023353577,1.41205418109894,3.71,7.5,12.8744955890562,2,-0.683,1.07913042208669,1486.14308725064,465.615292443952,NaN,NaN,2.20407105508369,0,3.1539726205584,-0.949901565474709,-0.590257025325513,2.68000066280365
2019,7,465.109911787649,464.150211523548,465.310283974339,465.100360233126,461.494822477211,816.274513754483,1.48566877841949,1.37223088741302,3.69,7.5,10.7059072293408,1.96,-0.715,0.997072104719039,1486.16453075171,465.731728229482,NaN,NaN,3.18004123450715,0,4.20691146613788,-1.02687023163073,-0.73933,2.004999
2019,8,464.822967544854,464.439089914137,465.396035015752,465.262612714439,461.578663157124,811.830358721978,1.64043724536896,1.53395628929138,3.59,7.4,9.43096794707413,1.77,-0.859,0.892928022531838,1486.31486618623,465.905954210919,NaN,NaN,0,0,0,0,0,0
2019,9,465.014355163082,464.439089914137,465.462679470068,465.338875825857,460.328941845311,816.466136717743,1.41904973983765,1.33713853359222,3.66,7.4,8.66363066595467,1.8,-0.697,0.924455847778763,1486.34187461001,466.069142906001,NaN,NaN,0,6.54781647425315,3.87403011979435,2.6737863544588,0.042317,6.885004
2019,10,464.246597073179,463.860496207433,465.52927953913,465.367459504771,460.31301064402,817.504724570485,1.26348066329956,1.20628345012665,3.72,7.4,10.930273489045,1.61,-0.654,0.897973254782255,1486.50930762476,466.258336647288,NaN,NaN,-0,-0.0689127017823147,0.64247458307551,-0.711387284857824,-0.22371,0.130001
2019,11,464.822967544854,463.181211693451,465.624345617209,465.481712587751,459.707954483959,821.42325944649,1.23375940322876,1.20936381816864,3.48,7.5,9.70359625115944,1.57,-0.637,0.897116800629663,1486.70565834005,466.414856254927,NaN,NaN,0,0,0,0,0,0
2019,12,463.375764284,461.808641125464,465.757286478114,465.614843075272,459.562376355293,822.022380506696,1.13521242141724,1.09801244735718,3.08,7.5,11.5736498482597,1.55,-0.655,0.869928814538489,1485.56465061307,466.567657015689,NaN,NaN,-0.0873285425008002,-0,-1.07215450975969,0.984825967258894,0.3329,0.130001
